SCIENTIFIC NAME;OBSERVATION COUNT;LATITUDE;LONGITUDE;OBSERVATION DATE;STATE;YEAR;WEEK OF YEAR
Nucifraga caryocatactes;1;50.8571515;15.6863824;20.07.1970;województwo dolnośląskie;1970;30
Nucifraga caryocatactes;2;50.8071262;15.5361787;22.07.1970;województwo dolnośląskie;1970;30
Nucifraga caryocatactes;1;53.8282248;20.8098756;05.07.1970;województwo warmińsko-mazurskie;1970;27
Nucifraga caryocatactes;1;49.2978143;19.9486291;02.07.1974;województwo małopolskie;1974;27
Nucifraga caryocatactes;2;49.2711079;20.1198136;05.09.1977;województwo małopolskie;1977;36
Nucifraga caryocatactes;1;54.1569281;22.4169782;26.10.1978;województwo warmińsko-mazurskie;1978;43
Nucifraga caryocatactes;-100;54.1569281;22.4169782;25.01.1979;województwo warmińsko-mazurskie;1979;4
Nucifraga caryocatactes;4;49.2711079;20.1198136;14.07.1980;województwo małopolskie;1980;29
Nucifraga caryocatactes;1;54.1569281;22.4169782;07.09.1981;województwo warmińsko-mazurskie;1981;37
Nucifraga caryocatactes;1;49.20142;20.071032;03.09.1982;województwo małopolskie;1982;35
Nucifraga caryocatactes;1;54.13;22.19;03.07.1983;województwo warmińsko-mazurskie;1983;26
Nucifraga caryocatactes;-100;54.162;22.353;09.10.1983;województwo warmińsko-mazurskie;1983;40
Nucifraga caryocatactes;1;53.5930818;22.8638167;08.04.1984;województwo podlaskie;1984;14
Nucifraga caryocatactes;1;54.162;22.353;10.06.1984;województwo warmińsko-mazurskie;1984;23
Nucifraga caryocatactes;2;54.3602495;18.9460784;20.10.1985;województwo pomorskie;1985;42
Nucifraga caryocatactes;1;54.162;22.353;02.05.1986;województwo warmińsko-mazurskie;1986;18
Nucifraga caryocatactes;2;54.162;22.353;25.06.1986;województwo warmińsko-mazurskie;1986;26
Nucifraga caryocatactes;2;54.597;18.324;01.07.1986;województwo pomorskie;1986;27
Nucifraga caryocatactes;1;54.13;22.19;15.07.1986;województwo warmińsko-mazurskie;1986;29
Nucifraga caryocatactes;1;54.162;22.353;20.07.1986;województwo warmińsko-mazurskie;1986;29
Nucifraga caryocatactes;1;54.123;22.1;17.07.1986;województwo warmińsko-mazurskie;1986;29
Nucifraga caryocatactes;6;54.7034049;18.6518805;09.08.1986;województwo pomorskie;1986;32
Nucifraga caryocatactes;1;54.162;22.353;14.08.1987;województwo warmińsko-mazurskie;1987;33
Nucifraga caryocatactes;1;54.1569281;22.4169782;17.12.1987;województwo warmińsko-mazurskie;1987;51
Nucifraga caryocatactes;1;54.1569281;22.4169782;17.06.1988;województwo warmińsko-mazurskie;1988;24
Nucifraga caryocatactes;1;54.129;22.158;12.07.1988;województwo warmińsko-mazurskie;1988;28
Nucifraga caryocatactes;1;53.933;22.628;15.09.1988;województwo warmińsko-mazurskie;1988;37
Nucifraga caryocatactes;-100;53.8119028;21.6105366;07.05.1991;województwo warmińsko-mazurskie;1991;19
Nucifraga caryocatactes;-100;49.1908475;20.0708199;14.08.1991;województwo małopolskie;1991;33
Nucifraga caryocatactes;-100;49.079938;22.7457333;12.08.1991;województwo podkarpackie;1991;33
Nucifraga caryocatactes;1;53.558253;22.6322906;28.05.1993;województwo podlaskie;1993;21
Nucifraga caryocatactes;-100;49.1697632;22.3186395;24.07.1994;województwo podkarpackie;1994;29
Nucifraga caryocatactes;-100;49.0595652;22.8470647;21.07.1994;województwo podkarpackie;1994;29
Nucifraga caryocatactes;3;50.0047016;19.4818765;13.09.1994;województwo małopolskie;1994;37
Nucifraga caryocatactes;1;51.1664905;22.7203148;07.01.1995;województwo lubelskie;1995;1
Nucifraga caryocatactes;3;51.1858082;22.8005665;26.03.1995;województwo lubelskie;1995;12
Nucifraga caryocatactes;1;51.1858082;22.8005665;29.04.1995;województwo lubelskie;1995;17
Nucifraga caryocatactes;2;51.1858082;22.8005665;23.04.1995;województwo lubelskie;1995;16
Nucifraga caryocatactes;2;51.1858082;22.8005665;06.05.1995;województwo lubelskie;1995;18
Nucifraga caryocatactes;5;52.7707855;23.8556099;17.05.1995;województwo podlaskie;1995;20
Nucifraga caryocatactes;3;52.7707855;23.8556099;20.05.1995;województwo podlaskie;1995;20
Nucifraga caryocatactes;1;51.1664905;22.7203148;30.06.1995;województwo lubelskie;1995;26
Nucifraga caryocatactes;1;52.6838357;23.8293457;06.07.1995;województwo podlaskie;1995;27
Nucifraga caryocatactes;-100;54.0879237;23.0155569;02.07.1995;województwo podlaskie;1995;26
Nucifraga caryocatactes;1;53.3875655;22.5732565;03.05.1996;województwo podlaskie;1996;18
Nucifraga caryocatactes;1;52.684685;23.7867898;01.05.1996;województwo podlaskie;1996;18
Nucifraga caryocatactes;1;50.4632413;16.3793707;17.07.1996;województwo dolnośląskie;1996;29
Nucifraga caryocatactes;1;50.4632413;16.3793707;17.07.1996;województwo dolnośląskie;1996;29
Nucifraga caryocatactes;2;49.2553695;19.9752045;22.07.1996;województwo małopolskie;1996;30
Nucifraga caryocatactes;2;49.2553695;19.9752045;22.07.1996;województwo małopolskie;1996;30
Nucifraga caryocatactes;2;49.3444473;21.0068506;18.07.1996;województwo małopolskie;1996;29
Nucifraga caryocatactes;1;51.1445757;22.753527;27.04.1997;województwo lubelskie;1997;17
Nucifraga caryocatactes;2;53.5880216;22.7804947;28.05.1997;województwo podlaskie;1997;22
Nucifraga caryocatactes;-100;49.5797256;19.5262639;09.05.1998;województwo małopolskie;1998;19
Nucifraga caryocatactes;1;52.71064;23.8517976;21.08.1999;województwo podlaskie;1999;33
Nucifraga caryocatactes;3;52.71064;23.8517976;22.08.1999;województwo podlaskie;1999;33
Nucifraga caryocatactes;3;52.71064;23.8517976;22.08.1999;województwo podlaskie;1999;33
Nucifraga caryocatactes;1;52.71064;23.8517976;21.08.1999;województwo podlaskie;1999;33
Nucifraga caryocatactes;3;49.1037121;22.6524088;20.08.1999;województwo podkarpackie;1999;33
Nucifraga caryocatactes;3;49.1037121;22.6524088;21.08.1999;województwo podkarpackie;1999;33
Nucifraga caryocatactes;1;49.1037121;22.6524088;18.08.1999;województwo podkarpackie;1999;33
Nucifraga caryocatactes;1;49.1037121;22.6524088;18.08.1999;województwo podkarpackie;1999;33
Nucifraga caryocatactes;-100;49.2013297;20.0715925;01.01.2000;województwo małopolskie;2000;52
Nucifraga caryocatactes;1;49.5814817;20.0835979;07.04.2000;województwo małopolskie;2000;14
Nucifraga caryocatactes;1;52.6799727;23.8345385;27.05.2000;województwo podlaskie;2000;21
Nucifraga caryocatactes;1;52.7038248;23.8297105;02.06.2000;województwo podlaskie;2000;22
Nucifraga caryocatactes;-100;52.7707855;23.8556099;28.07.2000;województwo podlaskie;2000;30
Nucifraga caryocatactes;-100;49.2166253;19.8508587;18.08.2000;województwo małopolskie;2000;33
Nucifraga caryocatactes;3;52.7707855;23.8556099;11.08.2000;województwo podlaskie;2000;32
Nucifraga caryocatactes;1;49.1806067;22.6464484;30.04.2001;województwo podkarpackie;2001;18
Nucifraga caryocatactes;1;52.7196595;23.8445718;16.05.2001;województwo podlaskie;2001;20
Nucifraga caryocatactes;2;49.103966;22.6448822;12.05.2001;województwo podkarpackie;2001;19
Nucifraga caryocatactes;1;51.1664905;22.7203148;27.01.2002;województwo lubelskie;2002;4
Nucifraga caryocatactes;-100;52.6993865;23.8510198;29.05.2002;województwo podlaskie;2002;22
Nucifraga caryocatactes;1;53.5930818;22.8638167;27.05.2002;województwo podlaskie;2002;22
Nucifraga caryocatactes;1;53.2995897;22.6041574;27.05.2002;województwo podlaskie;2002;22
Nucifraga caryocatactes;1;49.1294427;22.7459908;10.05.2002;województwo podkarpackie;2002;19
Nucifraga caryocatactes;1;49.1294427;22.7459908;11.05.2002;województwo podkarpackie;2002;19
Nucifraga caryocatactes;1;49.5817042;20.0097958;08.09.2002;województwo małopolskie;2002;36
Nucifraga caryocatactes;2;49.1091636;22.5741148;27.02.2003;województwo podkarpackie;2003;9
Nucifraga caryocatactes;2;49.1294427;22.7459908;10.05.2003;województwo podkarpackie;2003;19
Nucifraga caryocatactes;1;49.1294427;22.7459908;09.05.2003;województwo podkarpackie;2003;19
Nucifraga caryocatactes;1;49.1294427;22.7459908;09.05.2003;województwo podkarpackie;2003;19
Nucifraga caryocatactes;2;49.1294427;22.7459908;10.05.2003;województwo podkarpackie;2003;19
Nucifraga caryocatactes;1;51.4234061;23.5927117;21.09.2003;województwo lubelskie;2003;38
Nucifraga caryocatactes;1;53.0899388;16.1214876;19.09.2003;województwo zachodniopomorskie;2003;38
Nucifraga caryocatactes;1;53.6646281;14.5058572;03.12.2003;województwo zachodniopomorskie;2003;49
Nucifraga caryocatactes;4;49.1294427;22.7459908;26.02.2004;województwo podkarpackie;2004;9
Nucifraga caryocatactes;1;49.1294427;22.7459908;09.05.2004;województwo podkarpackie;2004;19
Nucifraga caryocatactes;1;49.1294427;22.7459908;08.05.2004;województwo podkarpackie;2004;19
Nucifraga caryocatactes;-100;49.0881772;22.5654255;13.05.2004;województwo podkarpackie;2004;20
Nucifraga caryocatactes;1;49.103966;22.6448822;08.05.2004;województwo podkarpackie;2004;19
Nucifraga caryocatactes;3;49.6202353;18.9455201;06.06.2004;województwo śląskie;2004;23
Nucifraga caryocatactes;1;53.6194706;21.1662;03.07.2004;województwo warmińsko-mazurskie;2004;27
Nucifraga caryocatactes;1;49.2711079;20.1198136;30.10.2004;województwo małopolskie;2004;44
Nucifraga caryocatactes;1;52.7707855;23.8556099;06.10.2004;województwo podlaskie;2004;41
Nucifraga caryocatactes;4;49.1294427;22.7459908;07.05.2005;województwo podkarpackie;2005;18
Nucifraga caryocatactes;2;49.1294427;22.7459908;06.05.2005;województwo podkarpackie;2005;18
Nucifraga caryocatactes;1;49.2227449;20.0666002;19.06.2005;województwo małopolskie;2005;24
Nucifraga caryocatactes;-100;52.7008038;23.8633215;29.06.2005;województwo podlaskie;2005;26
Nucifraga caryocatactes;3;52.7196595;23.8445718;02.07.2005;województwo podlaskie;2005;26
Nucifraga caryocatactes;1;52.727683;23.764329;28.07.2005;województwo podlaskie;2005;30
Nucifraga caryocatactes;1;49.5817042;20.0097958;04.09.2005;województwo małopolskie;2005;35
Nucifraga caryocatactes;-100;49.5797256;19.5262639;23.04.2006;województwo małopolskie;2006;16
Nucifraga caryocatactes;-100;52.7707855;23.8556099;25.05.2006;województwo podlaskie;2006;21
Nucifraga caryocatactes;1;52.9246352;23.8150978;09.05.2006;województwo podlaskie;2006;19
Nucifraga caryocatactes;1;49.1966249;22.679472;09.05.2006;województwo podkarpackie;2006;19
Nucifraga caryocatactes;1;49.1294427;22.7459908;08.05.2006;województwo podkarpackie;2006;19
Nucifraga caryocatactes;1;49.2991311;19.9487102;01.07.2006;województwo małopolskie;2006;26
Nucifraga caryocatactes;-100;52.7707855;23.8556099;29.08.2006;województwo podlaskie;2006;35
Nucifraga caryocatactes;-100;52.7707855;23.8556099;01.09.2006;województwo podlaskie;2006;35
Nucifraga caryocatactes;-100;52.7707855;23.8556099;01.09.2006;województwo podlaskie;2006;35
Nucifraga caryocatactes;1;53.3070059;22.5611329;26.11.2006;województwo podlaskie;2006;47
Nucifraga caryocatactes;2;53.3875655;22.5732565;29.11.2006;województwo podlaskie;2006;48
Nucifraga caryocatactes;-100;52.7196595;23.8445718;12.05.2007;województwo podlaskie;2007;19
Nucifraga caryocatactes;1;52.8489201;23.8487419;05.05.2007;województwo podlaskie;2007;18
Nucifraga caryocatactes;2;52.9246352;23.8150978;07.05.2007;województwo podlaskie;2007;19
Nucifraga caryocatactes;2;49.1294427;22.7459908;07.05.2007;województwo podkarpackie;2007;19
Nucifraga caryocatactes;-100;53.7536844;21.6122532;13.05.2007;województwo warmińsko-mazurskie;2007;19
Nucifraga caryocatactes;-100;53.7536844;21.6122532;13.05.2007;województwo warmińsko-mazurskie;2007;19
Nucifraga caryocatactes;1;53.640567;21.52771;31.07.2007;województwo warmińsko-mazurskie;2007;31
Nucifraga caryocatactes;1;53.640567;21.52771;24.07.2007;województwo warmińsko-mazurskie;2007;30
Nucifraga caryocatactes;2;53.343993;22.486267;06.08.2007;województwo podlaskie;2007;32
Nucifraga caryocatactes;1;53.343993;22.486267;04.08.2007;województwo podlaskie;2007;31
Nucifraga caryocatactes;2;53.343993;22.486267;05.08.2007;województwo podlaskie;2007;31
Nucifraga caryocatactes;5;49.1037121;22.6524088;12.08.2007;województwo podkarpackie;2007;32
Nucifraga caryocatactes;2;49.1037121;22.6524088;11.08.2007;województwo podkarpackie;2007;32
Nucifraga caryocatactes;2;49.1037121;22.6524088;13.08.2007;województwo podkarpackie;2007;33
Nucifraga caryocatactes;1;53.640567;21.52771;01.08.2007;województwo warmińsko-mazurskie;2007;31
Nucifraga caryocatactes;1;49.5817042;20.0097958;02.09.2007;województwo małopolskie;2007;35
Nucifraga caryocatactes;-100;49.2008941;20.0715121;04.10.2007;województwo małopolskie;2007;40
Nucifraga caryocatactes;1;50.7552262;15.7027781;04.02.2008;województwo dolnośląskie;2008;6
Nucifraga caryocatactes;1;49.623056;19.59;23.05.2008;województwo małopolskie;2008;21
Nucifraga caryocatactes;5;49.259;19.967;14.05.2008;województwo małopolskie;2008;20
Nucifraga caryocatactes;-100;49.2996;19.9501;13.05.2008;województwo małopolskie;2008;20
Nucifraga caryocatactes;1;52.7989863;23.8265562;21.05.2008;województwo podlaskie;2008;21
Nucifraga caryocatactes;1;52.6934834;23.8884659;19.05.2008;województwo podlaskie;2008;21
Nucifraga caryocatactes;1;49.4039205;20.5447655;07.09.2008;województwo małopolskie;2008;36
Nucifraga caryocatactes;1;51.8164549;19.4970846;21.10.2008;województwo łódzkie;2008;43
Nucifraga caryocatactes;1;53.2040893;19.7690664;21.10.2008;województwo warmińsko-mazurskie;2008;43
Nucifraga caryocatactes;1;52.6014486;16.7646665;18.10.2008;województwo wielkopolskie;2008;42
Nucifraga caryocatactes;1;53.8131108;14.3094255;15.10.2008;województwo zachodniopomorskie;2008;42
Nucifraga caryocatactes;2;52.7990425;23.8266541;23.04.2009;województwo podlaskie;2009;17
Nucifraga caryocatactes;1;53.4946073;22.7291787;23.05.2009;województwo podlaskie;2009;21
Nucifraga caryocatactes;2;52.9246352;23.8150978;19.05.2009;województwo podlaskie;2009;21
Nucifraga caryocatactes;1;49.4140585;20.4139066;09.07.2009;województwo małopolskie;2009;28
Nucifraga caryocatactes;1;49.2108569;22.329168;05.07.2009;województwo podkarpackie;2009;27
Nucifraga caryocatactes;1;50.7696136;15.7292582;20.08.2009;województwo dolnośląskie;2009;34
Nucifraga caryocatactes;-100;49.5684849;19.2094915;15.10.2009;województwo śląskie;2009;42
Nucifraga caryocatactes;-100;49.5684849;19.2094915;19.10.2009;województwo śląskie;2009;43
Nucifraga caryocatactes;-100;49.0881772;22.5654255;13.05.2010;województwo podkarpackie;2010;19
Nucifraga caryocatactes;1;49.201336;20.071249;29.07.2010;województwo małopolskie;2010;30
Nucifraga caryocatactes;2;49.201336;20.0712597;30.07.2010;województwo małopolskie;2010;30
Nucifraga caryocatactes;1;49.201336;20.0712597;29.07.2010;województwo małopolskie;2010;30
Nucifraga caryocatactes;2;49.2016094;20.0710559;05.07.2010;województwo małopolskie;2010;27
Nucifraga caryocatactes;-100;52.7707855;23.8556099;08.07.2010;województwo podlaskie;2010;27
Nucifraga caryocatactes;3;53.752367;21.6075284;05.09.2010;województwo warmińsko-mazurskie;2010;35
Nucifraga caryocatactes;-100;54.4031582;19.5213477;10.10.2010;województwo pomorskie;2010;40
Nucifraga caryocatactes;-100;49.2711079;20.1198136;24.05.2011;województwo małopolskie;2011;21
Nucifraga caryocatactes;3;52.9580292;23.7844059;31.05.2011;województwo podlaskie;2011;22
Nucifraga caryocatactes;2;49.3906418;20.5358291;24.06.2011;województwo małopolskie;2011;25
Nucifraga caryocatactes;2;49.3832319;20.5922306;23.06.2011;województwo małopolskie;2011;25
Nucifraga caryocatactes;1;52.7707855;23.8556099;07.06.2011;województwo podlaskie;2011;23
Nucifraga caryocatactes;1;52.7707855;23.8556099;07.06.2011;województwo podlaskie;2011;23
Nucifraga caryocatactes;-100;54.10893;22.09399;28.07.2011;województwo warmińsko-mazurskie;2011;30
Nucifraga caryocatactes;2;49.4201535;20.4433716;28.08.2011;województwo małopolskie;2011;34
Nucifraga caryocatactes;1;49.2592208;19.8693967;06.08.2011;województwo małopolskie;2011;31
Nucifraga caryocatactes;2;53.3070059;22.5611329;25.09.2011;województwo podlaskie;2011;38
Nucifraga caryocatactes;1;50.7563282;15.824749;25.05.2012;województwo dolnośląskie;2012;21
Nucifraga caryocatactes;1;52.700474;23.731489;21.05.2012;województwo podlaskie;2012;21
Nucifraga caryocatactes;1;53.3697794;22.5901866;25.05.2012;województwo podlaskie;2012;21
Nucifraga caryocatactes;1;50.7754872;15.7590708;14.08.2012;województwo dolnośląskie;2012;33
Nucifraga caryocatactes;3;49.2711079;20.1198136;12.08.2012;województwo małopolskie;2012;32
Nucifraga caryocatactes;1;49.2011209;20.0705547;07.08.2012;województwo małopolskie;2012;32
Nucifraga caryocatactes;-100;49.2009;20.0716;17.08.2012;województwo małopolskie;2012;33
Nucifraga caryocatactes;1;50.7241769;18.1201458;23.09.2012;województwo opolskie;2012;38
Nucifraga caryocatactes;1;52.7008038;23.8633215;16.02.2013;województwo podlaskie;2013;7
Nucifraga caryocatactes;1;49.4201535;20.4433716;21.04.2013;województwo małopolskie;2013;16
Nucifraga caryocatactes;1;52.69844;23.84821;07.05.2013;województwo podlaskie;2013;19
Nucifraga caryocatactes;1;52.69844;23.84821;07.05.2013;województwo podlaskie;2013;19
Nucifraga caryocatactes;1;52.7039289;23.8462114;06.05.2013;województwo podlaskie;2013;19
Nucifraga caryocatactes;1;52.7707855;23.8556099;04.05.2013;województwo podlaskie;2013;18
Nucifraga caryocatactes;-100;52.9246352;23.8150978;20.05.2013;województwo podlaskie;2013;21
Nucifraga caryocatactes;1;52.69849;23.8675;01.06.2013;województwo podlaskie;2013;22
Nucifraga caryocatactes;2;53.3070059;22.5611329;27.06.2013;województwo podlaskie;2013;26
Nucifraga caryocatactes;1;52.7800277;23.7585354;01.06.2013;województwo podlaskie;2013;22
Nucifraga caryocatactes;-100;49.0881772;22.5654255;20.06.2013;województwo podkarpackie;2013;25
Nucifraga caryocatactes;1;50.7919928;15.5131245;07.07.2013;województwo dolnośląskie;2013;27
Nucifraga caryocatactes;4;49.3992987;20.5821672;12.08.2013;województwo małopolskie;2013;33
Nucifraga caryocatactes;2;52.2950613;23.0490015;15.09.2013;województwo mazowieckie;2013;37
Nucifraga caryocatactes;-100;49.12331;22.702385;10.09.2013;województwo podkarpackie;2013;37
Nucifraga caryocatactes;1;49.3994729;20.2454732;03.04.2014;województwo małopolskie;2014;14
Nucifraga caryocatactes;-100;52.7990425;23.8266541;10.05.2014;województwo podlaskie;2014;19
Nucifraga caryocatactes;1;49.5444451;19.3227491;11.05.2014;województwo śląskie;2014;19
Nucifraga caryocatactes;3;49.2597764;22.4170423;27.06.2014;województwo podkarpackie;2014;26
Nucifraga caryocatactes;4;49.1637066;22.5370004;25.06.2014;województwo podkarpackie;2014;26
Nucifraga caryocatactes;1;50.4753461;16.3391019;15.07.2014;województwo dolnośląskie;2014;29
Nucifraga caryocatactes;4;49.4056747;20.5478464;21.07.2014;województwo małopolskie;2014;30
Nucifraga caryocatactes;3;49.2783747;19.9893343;20.07.2014;województwo małopolskie;2014;29
Nucifraga caryocatactes;4;49.4056747;20.5478464;21.07.2014;województwo małopolskie;2014;30
Nucifraga caryocatactes;1;49.2712628;19.8688388;06.07.2014;województwo małopolskie;2014;27
Nucifraga caryocatactes;1;53.3070059;22.5611329;02.07.2014;województwo podlaskie;2014;27
Nucifraga caryocatactes;1;50.7589733;15.7284596;13.08.2014;województwo dolnośląskie;2014;33
Nucifraga caryocatactes;1;50.810667;15.6659675;14.08.2014;województwo dolnośląskie;2014;33
Nucifraga caryocatactes;1;49.4098056;20.4085278;04.08.2014;województwo małopolskie;2014;32
Nucifraga caryocatactes;3;49.2695008;19.9007518;20.08.2014;województwo małopolskie;2014;34
Nucifraga caryocatactes;2;52.7707855;23.8556099;25.09.2014;województwo podlaskie;2014;39
Nucifraga caryocatactes;1;49.1919694;20.0719357;29.05.2015;województwo małopolskie;2015;22
Nucifraga caryocatactes;1;49.4281979;20.3515915;24.05.2015;województwo małopolskie;2015;21
Nucifraga caryocatactes;-100;52.7707855;23.8556099;13.05.2015;województwo podlaskie;2015;20
Nucifraga caryocatactes;-100;52.6979633;23.8553625;11.05.2015;województwo podlaskie;2015;20
Nucifraga caryocatactes;1;52.698797;23.848496;11.05.2015;województwo podlaskie;2015;20
Nucifraga caryocatactes;1;50.3367693;19.5331836;27.06.2015;województwo małopolskie;2015;26
Nucifraga caryocatactes;5;49.1971857;20.0700474;13.06.2015;województwo małopolskie;2015;24
Nucifraga caryocatactes;4;49.2711079;20.1198136;17.06.2015;województwo małopolskie;2015;25
Nucifraga caryocatactes;1;53.2856239;22.6054282;14.08.2015;województwo podlaskie;2015;33
Nucifraga caryocatactes;2;53.2856239;22.6054282;16.08.2015;województwo podlaskie;2015;33
Nucifraga caryocatactes;4;49.4240424;19.0050629;19.08.2015;województwo śląskie;2015;34
Nucifraga caryocatactes;-100;49.277;22.073;24.03.2016;województwo podkarpackie;2016;12
Nucifraga caryocatactes;-100;49.2166253;19.8508587;10.05.2016;województwo małopolskie;2016;19
Nucifraga caryocatactes;-100;49.4201535;20.4433716;10.05.2016;województwo małopolskie;2016;19
Nucifraga caryocatactes;-100;53.3488958;22.5846156;24.05.2016;województwo podlaskie;2016;21
Nucifraga caryocatactes;-100;53.4745143;22.6532936;24.05.2016;województwo podlaskie;2016;21
Nucifraga caryocatactes;-100;53.7331772;22.7028608;03.05.2016;województwo podlaskie;2016;18
Nucifraga caryocatactes;-100;52.6863207;23.8908434;21.05.2016;województwo podlaskie;2016;20
Nucifraga caryocatactes;-100;52.7707855;23.8556099;05.05.2016;województwo podlaskie;2016;18
Nucifraga caryocatactes;-100;53.5880216;22.7804947;24.05.2016;województwo podlaskie;2016;21
Nucifraga caryocatactes;-100;49.0881772;22.5654255;12.05.2016;województwo podkarpackie;2016;19
Nucifraga caryocatactes;3;49.2010275;20.0711846;14.06.2016;województwo małopolskie;2016;24
Nucifraga caryocatactes;1;49.2711079;20.1198136;24.06.2016;województwo małopolskie;2016;25
Nucifraga caryocatactes;13;49.2711079;20.1198136;23.06.2016;województwo małopolskie;2016;25
Nucifraga caryocatactes;-100;49.0881772;22.5654255;29.06.2016;województwo podkarpackie;2016;26
Nucifraga caryocatactes;2;49.1904202;20.0746378;29.07.2016;województwo małopolskie;2016;30
Nucifraga caryocatactes;1;49.2928983;19.9441927;30.07.2016;województwo małopolskie;2016;30
Nucifraga caryocatactes;1;49.2364932;19.9316604;27.08.2016;województwo małopolskie;2016;34
Nucifraga caryocatactes;4;49.2798997;19.9799602;01.08.2016;województwo małopolskie;2016;31
Nucifraga caryocatactes;-100;53.8865185;23.4518299;13.08.2016;województwo podlaskie;2016;32
Nucifraga caryocatactes;-100;54.0038767;23.243665;09.08.2016;województwo podlaskie;2016;32
Nucifraga caryocatactes;1;52.7124573;23.8539577;28.08.2016;województwo podlaskie;2016;34
Nucifraga caryocatactes;1;52.6863207;23.8908434;20.08.2016;województwo podlaskie;2016;33
Nucifraga caryocatactes;2;54.4031582;19.5213477;26.08.2016;województwo pomorskie;2016;34
Nucifraga caryocatactes;1;49.722753;19.026911;12.08.2016;województwo śląskie;2016;32
Nucifraga caryocatactes;1;53.6777592;21.7605175;23.08.2016;województwo warmińsko-mazurskie;2016;34
Nucifraga caryocatactes;-100;53.6822;21.747;23.08.2016;województwo warmińsko-mazurskie;2016;34
Nucifraga caryocatactes;-100;53.6799;21.7512;23.08.2016;województwo warmińsko-mazurskie;2016;34
Nucifraga caryocatactes;1;49.4110513;20.3281068;17.09.2016;województwo małopolskie;2016;37
Nucifraga caryocatactes;1;49.2962679;19.9486334;15.09.2016;województwo małopolskie;2016;37
Nucifraga caryocatactes;1;49.5902319;20.2168393;17.09.2016;województwo małopolskie;2016;37
Nucifraga caryocatactes;1;49.4319443;20.3093278;17.09.2016;województwo małopolskie;2016;37
Nucifraga caryocatactes;1;52.7011415;23.8520989;23.09.2016;województwo podlaskie;2016;38
Nucifraga caryocatactes;2;54.4031582;19.5213477;26.09.2016;województwo pomorskie;2016;39
Nucifraga caryocatactes;1;54.4031582;19.5213477;25.09.2016;województwo pomorskie;2016;38
Nucifraga caryocatactes;1;53.1583703;23.4009218;23.10.2016;województwo podlaskie;2016;42
Nucifraga caryocatactes;1;49.6946107;18.8299614;25.10.2016;województwo śląskie;2016;43
Nucifraga caryocatactes;2;49.2711079;20.1198136;31.12.2016;województwo małopolskie;2016;52
Nucifraga caryocatactes;1;52.6863207;23.8908434;31.12.2016;województwo podlaskie;2016;52
Nucifraga caryocatactes;1;50.7605404;15.6842065;01.01.2017;województwo dolnośląskie;2017;52
Nucifraga caryocatactes;1;52.7990425;23.8266541;21.02.2017;województwo podlaskie;2017;8
Nucifraga caryocatactes;1;52.7990425;23.8266541;21.02.2017;województwo podlaskie;2017;8
Nucifraga caryocatactes;1;52.7074522;23.8934827;10.03.2017;województwo podlaskie;2017;10
Nucifraga caryocatactes;1;52.684685;23.7867898;11.03.2017;województwo podlaskie;2017;10
Nucifraga caryocatactes;1;52.7196595;23.8445718;28.03.2017;województwo podlaskie;2017;13
Nucifraga caryocatactes;1;49.7488034;19.3511449;05.03.2017;województwo śląskie;2017;9
Nucifraga caryocatactes;1;49.7488034;19.3511449;04.03.2017;województwo śląskie;2017;9
Nucifraga caryocatactes;1;50.7602026;15.6620473;30.04.2017;województwo dolnośląskie;2017;17
Nucifraga caryocatactes;3;50.7730628;15.6151277;03.05.2017;województwo dolnośląskie;2017;18
Nucifraga caryocatactes;1;49.297098;19.955336;22.05.2017;województwo małopolskie;2017;21
Nucifraga caryocatactes;1;49.297098;19.955336;22.05.2017;województwo małopolskie;2017;21
Nucifraga caryocatactes;3;52.7707855;23.8556099;13.05.2017;województwo podlaskie;2017;19
Nucifraga caryocatactes;1;52.7707855;23.8556099;23.05.2017;województwo podlaskie;2017;21
Nucifraga caryocatactes;1;52.6910951;23.719697;22.05.2017;województwo podlaskie;2017;21
Nucifraga caryocatactes;3;52.7707855;23.8556099;13.05.2017;województwo podlaskie;2017;19
Nucifraga caryocatactes;1;52.7707855;23.8556099;23.05.2017;województwo podlaskie;2017;21
Nucifraga caryocatactes;5;53.6496237;22.746377;22.05.2017;województwo podlaskie;2017;21
Nucifraga caryocatactes;-100;52.709;23.889;16.05.2017;województwo podlaskie;2017;20
Nucifraga caryocatactes;1;54.8005176;17.8565747;18.05.2017;województwo pomorskie;2017;20
Nucifraga caryocatactes;1;52.7038248;23.8297105;08.06.2017;województwo podlaskie;2017;23
Nucifraga caryocatactes;1;52.7038248;23.8297105;08.06.2017;województwo podlaskie;2017;23
Nucifraga caryocatactes;2;49.1292495;22.7449127;17.06.2017;województwo podkarpackie;2017;24
Nucifraga caryocatactes;1;50.3367693;19.5331836;08.07.2017;województwo małopolskie;2017;27
Nucifraga caryocatactes;2;49.4610837;21.3675025;27.07.2017;województwo małopolskie;2017;30
Nucifraga caryocatactes;1;49.2166253;19.8508587;14.07.2017;województwo małopolskie;2017;28
Nucifraga caryocatactes;2;52.697193;23.779679;04.07.2017;województwo podlaskie;2017;27
Nucifraga caryocatactes;2;52.697193;23.779679;04.07.2017;województwo podlaskie;2017;27
Nucifraga caryocatactes;2;49.3771201;21.9027901;15.07.2017;województwo podkarpackie;2017;28
Nucifraga caryocatactes;1;49.469996;21.6123792;28.07.2017;województwo podkarpackie;2017;30
Nucifraga caryocatactes;1;50.4312611;23.1318799;12.08.2017;województwo lubelskie;2017;32
Nucifraga caryocatactes;-100;49.5138404;20.2228459;15.08.2017;województwo małopolskie;2017;33
Nucifraga caryocatactes;1;49.3880645;21.8778716;05.08.2017;województwo podkarpackie;2017;31
Nucifraga caryocatactes;2;49.5613441;19.1876111;12.08.2017;województwo śląskie;2017;32
Nucifraga caryocatactes;1;50.784411;15.516805;17.09.2017;województwo dolnośląskie;2017;37
Nucifraga caryocatactes;1;50.840396;15.7417565;02.09.2017;województwo dolnośląskie;2017;35
Nucifraga caryocatactes;1;52.173594;21.105409;03.09.2017;województwo mazowieckie;2017;35
Nucifraga caryocatactes;1;54.5949805;18.8128121;11.10.2017;województwo pomorskie;2017;41
Nucifraga caryocatactes;1;54.5949805;18.8128121;11.10.2017;województwo pomorskie;2017;41
Nucifraga caryocatactes;1;52.9246352;23.8150978;11.11.2017;województwo podlaskie;2017;45
Nucifraga caryocatactes;1;50.8040091;15.6685317;30.01.2018;województwo dolnośląskie;2018;5
Nucifraga caryocatactes;1;54.7846856;17.7288261;19.01.2018;województwo pomorskie;2018;3
Nucifraga caryocatactes;2;50.3367693;19.5331836;13.03.2018;województwo małopolskie;2018;11
Nucifraga caryocatactes;1;52.6910951;23.719697;24.03.2018;województwo podlaskie;2018;12
Nucifraga caryocatactes;1;52.6910951;23.719697;24.03.2018;województwo podlaskie;2018;12
Nucifraga caryocatactes;1;54.7846856;17.7288261;03.03.2018;województwo pomorskie;2018;9
Nucifraga caryocatactes;3;54.791228;17.715141;04.03.2018;województwo pomorskie;2018;9
Nucifraga caryocatactes;2;50.2510025;19.4536003;15.04.2018;województwo małopolskie;2018;15
Nucifraga caryocatactes;1;52.7707855;23.8556099;22.04.2018;województwo podlaskie;2018;16
Nucifraga caryocatactes;1;49.248514;19.943527;31.05.2018;województwo małopolskie;2018;22
Nucifraga caryocatactes;1;52.7939317;23.822918;16.05.2018;województwo podlaskie;2018;20
Nucifraga caryocatactes;1;52.7939317;23.822918;16.05.2018;województwo podlaskie;2018;20
Nucifraga caryocatactes;2;49.4319443;20.3093278;02.06.2018;województwo małopolskie;2018;22
Nucifraga caryocatactes;1;49.416373;20.378939;01.06.2018;województwo małopolskie;2018;22
Nucifraga caryocatactes;4;50.0197774;19.9796176;02.07.2018;województwo małopolskie;2018;27
Nucifraga caryocatactes;1;49.4133824;20.4115958;15.07.2018;województwo małopolskie;2018;28
Nucifraga caryocatactes;1;50.778999;15.557711;25.08.2018;województwo dolnośląskie;2018;34
Nucifraga caryocatactes;1;49.2711079;20.1198136;18.08.2018;województwo małopolskie;2018;33
Nucifraga caryocatactes;4;49.52357;20.288066;19.08.2018;województwo małopolskie;2018;33
Nucifraga caryocatactes;2;49.2692327;19.981792;24.08.2018;województwo małopolskie;2018;34
Nucifraga caryocatactes;1;49.4337085;20.4366821;23.08.2018;województwo małopolskie;2018;34
Nucifraga caryocatactes;1;49.4196452;20.3757771;20.08.2018;województwo małopolskie;2018;34
Nucifraga caryocatactes;-100;49.265202;20.08656;18.08.2018;województwo małopolskie;2018;33
Nucifraga caryocatactes;1;49.234294;20.087702;06.08.2018;województwo małopolskie;2018;32
Nucifraga caryocatactes;2;49.2453893;20.0070236;17.08.2018;województwo małopolskie;2018;33
Nucifraga caryocatactes;1;49.0822053;22.73295;29.08.2018;województwo podkarpackie;2018;35
Nucifraga caryocatactes;1;49.3302528;22.2863205;28.08.2018;województwo podkarpackie;2018;35
Nucifraga caryocatactes;-100;49.170097;22.423978;22.08.2018;województwo podkarpackie;2018;34
Nucifraga caryocatactes;9;54.4031582;19.5213477;29.08.2018;województwo pomorskie;2018;35
Nucifraga caryocatactes;1;49.4201535;20.4433716;28.09.2018;województwo małopolskie;2018;39
Nucifraga caryocatactes;1;54.4031582;19.5213477;23.09.2018;województwo pomorskie;2018;38
Nucifraga caryocatactes;1;54.403196;19.52133;29.09.2018;województwo pomorskie;2018;39
Nucifraga caryocatactes;1;51.1691401;22.7320908;07.10.2018;województwo lubelskie;2018;40
Nucifraga caryocatactes;1;50.1413066;19.4252519;30.10.2018;województwo małopolskie;2018;44
Nucifraga caryocatactes;-100;49.5006365;21.5462012;14.10.2018;województwo podkarpackie;2018;41
Nucifraga caryocatactes;1;49.5099538;21.5044762;19.10.2018;województwo podkarpackie;2018;42
Nucifraga caryocatactes;1;49.4521575;21.5379562;17.10.2018;województwo podkarpackie;2018;42
Nucifraga caryocatactes;4;54.4031582;19.5213477;12.10.2018;województwo pomorskie;2018;41
Nucifraga caryocatactes;1;54.593536;18.812614;14.10.2018;województwo pomorskie;2018;41
Nucifraga caryocatactes;-100;50.4622;16.3923;08.11.2018;województwo dolnośląskie;2018;45
Nucifraga caryocatactes;-100;50.4609;16.3911;08.11.2018;województwo dolnośląskie;2018;45
Nucifraga caryocatactes;-100;50.4603;16.3912;08.11.2018;województwo dolnośląskie;2018;45
Nucifraga caryocatactes;1;51.168219;22.7326171;03.11.2018;województwo lubelskie;2018;44
Nucifraga caryocatactes;1;49.5813861;20.1412415;06.11.2018;województwo małopolskie;2018;45
Nucifraga caryocatactes;1;50.3467501;20.7334912;01.11.2018;województwo świętokrzyskie;2018;44
Nucifraga caryocatactes;1;49.6293872;19.6392287;08.12.2018;województwo małopolskie;2018;49
Nucifraga caryocatactes;1;54.7846856;17.7288261;11.01.2019;województwo pomorskie;2019;2
Nucifraga caryocatactes;1;50.7642331;15.7239568;13.02.2019;województwo dolnośląskie;2019;7
Nucifraga caryocatactes;2;50.7684598;15.7405329;12.02.2019;województwo dolnośląskie;2019;7
Nucifraga caryocatactes;2;50.7693565;15.7372647;13.02.2019;województwo dolnośląskie;2019;7
Nucifraga caryocatactes;1;50.7671162;15.7653165;16.02.2019;województwo dolnośląskie;2019;7
Nucifraga caryocatactes;1;50.3715335;19.5990662;19.03.2019;województwo małopolskie;2019;12
Nucifraga caryocatactes;1;50.3367693;19.5331836;02.03.2019;województwo małopolskie;2019;9
Nucifraga caryocatactes;1;50.3367693;19.5331836;22.03.2019;województwo małopolskie;2019;12
Nucifraga caryocatactes;1;50.3367693;19.5331836;19.03.2019;województwo małopolskie;2019;12
Nucifraga caryocatactes;1;50.3367693;19.5331836;17.03.2019;województwo małopolskie;2019;11
Nucifraga caryocatactes;1;49.5401399;21.4717344;23.03.2019;województwo podkarpackie;2019;12
Nucifraga caryocatactes;1;49.587879;19.582007;14.04.2019;województwo małopolskie;2019;15
Nucifraga caryocatactes;2;49.416083;20.256194;15.04.2019;województwo małopolskie;2019;16
Nucifraga caryocatactes;-100;49.233595;20.096011;12.05.2019;województwo małopolskie;2019;19
Nucifraga caryocatactes;1;52.827817;23.764801;16.05.2019;województwo podlaskie;2019;20
Nucifraga caryocatactes;1;52.720867;23.7351066;25.05.2019;województwo podlaskie;2019;21
Nucifraga caryocatactes;1;52.8121875;23.7719582;22.05.2019;województwo podlaskie;2019;21
Nucifraga caryocatactes;1;52.7938033;23.8268189;24.05.2019;województwo podlaskie;2019;21
Nucifraga caryocatactes;1;52.7938033;23.8268189;24.05.2019;województwo podlaskie;2019;21
Nucifraga caryocatactes;-100;52.7990425;23.8266541;15.05.2019;województwo podlaskie;2019;20
Nucifraga caryocatactes;1;52.8224708;23.7664921;16.05.2019;województwo podlaskie;2019;20
Nucifraga caryocatactes;1;49.0595652;22.8470647;31.05.2019;województwo podkarpackie;2019;22
Nucifraga caryocatactes;1;49.0595652;22.8470647;31.05.2019;województwo podkarpackie;2019;22
Nucifraga caryocatactes;2;50.4632413;16.3793707;15.06.2019;województwo dolnośląskie;2019;24
Nucifraga caryocatactes;1;49.587742;19.58393;29.06.2019;województwo małopolskie;2019;26
Nucifraga caryocatactes;2;49.5419828;20.114282;26.06.2019;województwo małopolskie;2019;26
Nucifraga caryocatactes;3;49.2711079;20.1198136;14.06.2019;województwo małopolskie;2019;24
Nucifraga caryocatactes;1;52.7991988;23.8276747;18.06.2019;województwo podlaskie;2019;25
Nucifraga caryocatactes;1;52.684685;23.7867898;20.06.2019;województwo podlaskie;2019;25
Nucifraga caryocatactes;1;52.7707855;23.8556099;18.06.2019;województwo podlaskie;2019;25
Nucifraga caryocatactes;1;52.7038248;23.8297105;15.06.2019;województwo podlaskie;2019;24
Nucifraga caryocatactes;2;52.7038248;23.8297105;15.06.2019;województwo podlaskie;2019;24
Nucifraga caryocatactes;1;52.709325;23.8214983;15.06.2019;województwo podlaskie;2019;24
Nucifraga caryocatactes;2;52.7038248;23.8297105;15.06.2019;województwo podlaskie;2019;24
Nucifraga caryocatactes;1;50.8915145;15.3119763;04.07.2019;województwo dolnośląskie;2019;27
Nucifraga caryocatactes;2;50.651426;17.0379999;08.07.2019;województwo dolnośląskie;2019;28
Nucifraga caryocatactes;1;49.258923;19.869669;02.07.2019;województwo małopolskie;2019;27
Nucifraga caryocatactes;3;49.2783747;19.9893343;08.07.2019;województwo małopolskie;2019;28
Nucifraga caryocatactes;1;49.6584258;20.2743673;03.07.2019;województwo małopolskie;2019;27
Nucifraga caryocatactes;1;49.4039205;20.5447655;05.07.2019;województwo małopolskie;2019;27
Nucifraga caryocatactes;1;49.7795353;19.4227032;16.07.2019;województwo małopolskie;2019;29
Nucifraga caryocatactes;7;49.1925597;20.0715846;24.07.2019;województwo małopolskie;2019;30
Nucifraga caryocatactes;1;49.2180985;22.3081061;27.07.2019;województwo podkarpackie;2019;30
Nucifraga caryocatactes;2;49.2692327;19.981792;09.08.2019;województwo małopolskie;2019;32
Nucifraga caryocatactes;1;49.2692327;19.981792;09.08.2019;województwo małopolskie;2019;32
Nucifraga caryocatactes;2;49.2127301;20.0791542;17.08.2019;województwo małopolskie;2019;33
Nucifraga caryocatactes;4;49.4319443;20.3093278;11.08.2019;województwo małopolskie;2019;32
Nucifraga caryocatactes;1;49.255066;20.1028953;17.08.2019;województwo małopolskie;2019;33
Nucifraga caryocatactes;2;53.6062115;22.7580863;20.08.2019;województwo podlaskie;2019;34
Nucifraga caryocatactes;2;49.1037121;22.6524088;20.08.2019;województwo podkarpackie;2019;34
Nucifraga caryocatactes;1;49.5623679;20.0399952;16.11.2019;województwo małopolskie;2019;46
Nucifraga caryocatactes;3;49.1971857;20.0700474;02.11.2019;województwo małopolskie;2019;44
Nucifraga caryocatactes;1;49.2117624;22.6274543;02.02.2020;województwo podkarpackie;2020;5
Nucifraga caryocatactes;1;49.2117624;22.6274543;07.02.2020;województwo podkarpackie;2020;6
Nucifraga caryocatactes;1;49.2117624;22.6274543;02.02.2020;województwo podkarpackie;2020;5
Nucifraga caryocatactes;1;49.2117624;22.6274543;06.02.2020;województwo podkarpackie;2020;6
Nucifraga caryocatactes;5;49.221641;20.095819;13.03.2020;województwo małopolskie;2020;11
Nucifraga caryocatactes;2;49.2919576;22.4693457;07.03.2020;województwo podkarpackie;2020;10
Nucifraga caryocatactes;1;50.632537;21.058096;19.04.2020;województwo świętokrzyskie;2020;16
Nucifraga caryocatactes;1;50.742512;15.771315;18.05.2020;województwo dolnośląskie;2020;21
Nucifraga caryocatactes;1;49.0746171;22.8429721;13.05.2020;województwo podkarpackie;2020;20
Nucifraga caryocatactes;1;49.0746171;22.8429721;13.05.2020;województwo podkarpackie;2020;20
Nucifraga caryocatactes;1;49.1943327;22.424915;17.05.2020;województwo podkarpackie;2020;20
Nucifraga caryocatactes;1;50.6871708;16.2334238;27.06.2020;województwo dolnośląskie;2020;26
Nucifraga caryocatactes;1;50.777104;15.722737;30.06.2020;województwo dolnośląskie;2020;27
Nucifraga caryocatactes;1;50.6570898;16.474897;12.06.2020;województwo dolnośląskie;2020;24
Nucifraga caryocatactes;2;50.6555678;16.5259714;11.06.2020;województwo dolnośląskie;2020;24
Nucifraga caryocatactes;-100;49.2711079;20.1198136;27.06.2020;województwo małopolskie;2020;26
Nucifraga caryocatactes;3;49.201277;20.071192;13.06.2020;województwo małopolskie;2020;24
Nucifraga caryocatactes;3;49.1972342;20.0706405;10.06.2020;województwo małopolskie;2020;24
Nucifraga caryocatactes;1;49.4531609;20.5896437;09.06.2020;województwo małopolskie;2020;24
Nucifraga caryocatactes;2;49.2692327;19.981792;30.06.2020;województwo małopolskie;2020;27
Nucifraga caryocatactes;4;49.4531609;20.5896437;09.06.2020;województwo małopolskie;2020;24
Nucifraga caryocatactes;6;49.2692327;19.981792;03.06.2020;województwo małopolskie;2020;23
Nucifraga caryocatactes;2;53.262646;23.4992409;15.06.2020;województwo podlaskie;2020;25
Nucifraga caryocatactes;2;53.262646;23.4992409;15.06.2020;województwo podlaskie;2020;25
Nucifraga caryocatactes;1;49.470041;21.482091;23.06.2020;województwo podkarpackie;2020;26
Nucifraga caryocatactes;1;49.470041;21.482091;19.06.2020;województwo podkarpackie;2020;25
Nucifraga caryocatactes;2;50.7223025;15.8357899;23.07.2020;województwo dolnośląskie;2020;30
Nucifraga caryocatactes;3;49.2711079;20.1198136;05.07.2020;województwo małopolskie;2020;27
Nucifraga caryocatactes;1;49.471486;20.310275;31.07.2020;województwo małopolskie;2020;31
Nucifraga caryocatactes;2;49.30003;19.846277;16.07.2020;województwo małopolskie;2020;29
Nucifraga caryocatactes;1;49.503025;20.131707;29.07.2020;województwo małopolskie;2020;31
Nucifraga caryocatactes;11;49.2409471;20.0873392;24.07.2020;województwo małopolskie;2020;30
Nucifraga caryocatactes;7;49.2711079;20.1198136;17.07.2020;województwo małopolskie;2020;29
Nucifraga caryocatactes;1;49.5266012;21.7278671;25.07.2020;województwo podkarpackie;2020;30
Nucifraga caryocatactes;1;49.5266012;21.7278671;25.07.2020;województwo podkarpackie;2020;30
Nucifraga caryocatactes;1;49.438314;20.257762;04.08.2020;województwo małopolskie;2020;32
Nucifraga caryocatactes;1;49.6664866;20.0139384;11.08.2020;województwo małopolskie;2020;33
Nucifraga caryocatactes;3;49.2711079;20.1198136;09.08.2020;województwo małopolskie;2020;32
Nucifraga caryocatactes;1;49.5371935;20.2835663;18.08.2020;województwo małopolskie;2020;34
Nucifraga caryocatactes;1;49.2692327;19.981792;05.08.2020;województwo małopolskie;2020;32
Nucifraga caryocatactes;1;53.2165969;23.7984114;15.08.2020;województwo podlaskie;2020;33
Nucifraga caryocatactes;1;49.6061125;21.3663292;14.08.2020;województwo podkarpackie;2020;33
Nucifraga caryocatactes;2;49.0746171;22.8429721;25.08.2020;województwo podkarpackie;2020;35
Nucifraga caryocatactes;1;53.892802;20.8291062;28.08.2020;województwo warmińsko-mazurskie;2020;35
Nucifraga caryocatactes;1;50.762452;15.762181;27.09.2020;województwo dolnośląskie;2020;39
Nucifraga caryocatactes;-100;49.4682947;21.3744935;15.09.2020;województwo małopolskie;2020;38
Nucifraga caryocatactes;1;49.4531609;20.5896437;16.09.2020;województwo małopolskie;2020;38
Nucifraga caryocatactes;1;50.740085;15.729126;04.10.2020;województwo dolnośląskie;2020;40
Nucifraga caryocatactes;2;54.4031582;19.5213477;23.10.2020;województwo pomorskie;2020;43
Nucifraga caryocatactes;1;49.3992987;20.5821672;03.11.2020;województwo małopolskie;2020;45
Nucifraga caryocatactes;4;49.2711079;20.1198136;01.12.2020;województwo małopolskie;2020;49
Nucifraga caryocatactes;1;49.2711079;20.1198136;05.12.2020;województwo małopolskie;2020;49
Nucifraga caryocatactes;4;49.2711079;20.1198136;01.12.2020;województwo małopolskie;2020;49
Nucifraga caryocatactes;2;49.3992987;20.5821672;20.02.2021;województwo małopolskie;2021;7
Nucifraga caryocatactes;1;49.409109;20.563377;21.02.2021;województwo małopolskie;2021;7
Nucifraga caryocatactes;1;49.397615;20.554033;20.02.2021;województwo małopolskie;2021;7
Nucifraga caryocatactes;1;49.201146;20.071231;06.03.2021;województwo małopolskie;2021;9
Nucifraga caryocatactes;7;49.20135;20.071315;02.03.2021;województwo małopolskie;2021;9
Nucifraga caryocatactes;1;49.470041;21.482091;11.03.2021;województwo podkarpackie;2021;10
Nucifraga caryocatactes;1;49.5795647;19.0141628;16.03.2021;województwo śląskie;2021;11
Nucifraga caryocatactes;1;49.4563758;18.9934159;05.04.2021;województwo śląskie;2021;14
Nucifraga caryocatactes;3;49.5083547;19.112822;19.04.2021;województwo śląskie;2021;16
Nucifraga caryocatactes;-100;49.4682947;21.3744935;07.05.2021;województwo małopolskie;2021;18
Nucifraga caryocatactes;1;49.2290293;20.0811664;23.05.2021;województwo małopolskie;2021;20
Nucifraga caryocatactes;1;53.3070059;22.5611329;20.05.2021;województwo podlaskie;2021;20
Nucifraga caryocatactes;1;49.0746171;22.8429721;09.05.2021;województwo podkarpackie;2021;18
Nucifraga caryocatactes;1;49.5808186;19.2984039;20.05.2021;województwo śląskie;2021;20
Nucifraga caryocatactes;1;49.4778023;19.0611495;11.05.2021;województwo śląskie;2021;19
Nucifraga caryocatactes;1;50.8126838;15.6067954;03.06.2021;województwo dolnośląskie;2021;22
Nucifraga caryocatactes;1;49.2692327;19.981792;28.06.2021;województwo małopolskie;2021;26
Nucifraga caryocatactes;2;49.4496641;20.9142382;19.06.2021;województwo małopolskie;2021;24
Nucifraga caryocatactes;1;49.4564988;20.8978664;13.06.2021;województwo małopolskie;2021;23
Nucifraga caryocatactes;1;49.4762427;19.035272;19.06.2021;województwo śląskie;2021;24
Nucifraga caryocatactes;2;50.7682124;15.7102219;08.07.2021;województwo dolnośląskie;2021;27
Nucifraga caryocatactes;1;50.7650105;15.7046969;24.07.2021;województwo dolnośląskie;2021;29
Nucifraga caryocatactes;-100;49.2711079;20.1198136;22.07.2021;województwo małopolskie;2021;29
Nucifraga caryocatactes;4;49.2711079;20.1198136;23.07.2021;województwo małopolskie;2021;29
Nucifraga caryocatactes;1;49.2711079;20.1198136;07.07.2021;województwo małopolskie;2021;27
Nucifraga caryocatactes;1;49.1971857;20.0700474;07.07.2021;województwo małopolskie;2021;27
Nucifraga caryocatactes;1;53.2540205;23.4962205;29.07.2021;województwo podlaskie;2021;30
Nucifraga caryocatactes;1;49.0621396;22.8581516;23.07.2021;województwo podkarpackie;2021;29
Nucifraga caryocatactes;1;49.4762427;19.035272;11.07.2021;województwo śląskie;2021;27
Nucifraga caryocatactes;1;49.4762427;19.035272;11.07.2021;województwo śląskie;2021;27
Nucifraga caryocatactes;2;50.784411;15.516805;06.08.2021;województwo dolnośląskie;2021;31
Nucifraga caryocatactes;1;50.7360541;15.7395868;23.08.2021;województwo dolnośląskie;2021;34
Nucifraga caryocatactes;2;50.3367693;19.5331836;21.08.2021;województwo małopolskie;2021;33
Nucifraga caryocatactes;1;49.2692327;19.981792;07.08.2021;województwo małopolskie;2021;31
Nucifraga caryocatactes;1;49.3771201;21.9027901;11.08.2021;województwo podkarpackie;2021;32
Nucifraga caryocatactes;1;49.5044938;21.4246185;19.08.2021;województwo podkarpackie;2021;33
Nucifraga caryocatactes;1;49.5044938;21.4246185;19.08.2021;województwo podkarpackie;2021;33
Nucifraga caryocatactes;1;49.5044938;21.4246185;21.08.2021;województwo podkarpackie;2021;33
Nucifraga caryocatactes;1;49.3771201;21.9027901;11.08.2021;województwo podkarpackie;2021;32
Nucifraga caryocatactes;1;49.5044938;21.4246185;21.08.2021;województwo podkarpackie;2021;33
Nucifraga caryocatactes;-100;49.5044938;21.4246185;16.08.2021;województwo podkarpackie;2021;33
Nucifraga caryocatactes;1;49.5044938;21.4246185;21.08.2021;województwo podkarpackie;2021;33
Nucifraga caryocatactes;1;54.4031582;19.5213477;24.08.2021;województwo pomorskie;2021;34
Nucifraga caryocatactes;1;50.6681663;16.5059375;12.09.2021;województwo dolnośląskie;2021;36
Nucifraga caryocatactes;2;50.7360541;15.7395868;02.09.2021;województwo dolnośląskie;2021;35
Nucifraga caryocatactes;1;49.4921867;21.398979;14.09.2021;województwo małopolskie;2021;37
Nucifraga caryocatactes;2;49.4690769;20.6114204;12.09.2021;województwo małopolskie;2021;36
Nucifraga caryocatactes;1;49.2711079;20.1198136;08.09.2021;województwo małopolskie;2021;36
Nucifraga caryocatactes;2;49.2711079;20.1198136;02.09.2021;województwo małopolskie;2021;35
Nucifraga caryocatactes;1;49.2692327;19.981792;16.09.2021;województwo małopolskie;2021;37
Nucifraga caryocatactes;-100;49.2711079;20.1198136;14.09.2021;województwo małopolskie;2021;37
Nucifraga caryocatactes;3;49.4484496;20.9118458;05.09.2021;województwo małopolskie;2021;35
Nucifraga caryocatactes;2;49.2706776;19.9828052;04.09.2021;województwo małopolskie;2021;35
Nucifraga caryocatactes;2;49.286966;20.035828;29.09.2021;województwo małopolskie;2021;39
Nucifraga caryocatactes;2;53.3294814;22.5998915;22.09.2021;województwo podlaskie;2021;38
Nucifraga caryocatactes;2;53.3294814;22.5998915;22.09.2021;województwo podlaskie;2021;38
Nucifraga caryocatactes;1;53.8863186;23.2956556;25.09.2021;województwo podlaskie;2021;38
Nucifraga caryocatactes;4;52.8318412;23.7617209;12.09.2021;województwo podlaskie;2021;36
Nucifraga caryocatactes;2;52.7446252;23.7239999;13.09.2021;województwo podlaskie;2021;37
Nucifraga caryocatactes;1;49.437626;21.859608;04.09.2021;województwo podkarpackie;2021;35
Nucifraga caryocatactes;1;54.2468125;17.7975217;04.09.2021;województwo pomorskie;2021;35
Nucifraga caryocatactes;1;49.2783747;19.9893343;16.10.2021;województwo małopolskie;2021;41
Nucifraga caryocatactes;4;49.2711079;20.1198136;30.10.2021;województwo małopolskie;2021;43
Nucifraga caryocatactes;1;49.4319443;20.3093278;22.10.2021;województwo małopolskie;2021;42
Nucifraga caryocatactes;1;49.3817507;20.553269;03.10.2021;województwo małopolskie;2021;39
Nucifraga caryocatactes;1;49.200859;20.072535;30.10.2021;województwo małopolskie;2021;43
Nucifraga caryocatactes;1;49.0746171;22.8429721;06.10.2021;województwo podkarpackie;2021;40
Nucifraga caryocatactes;1;49.158802;22.463758;26.10.2021;województwo podkarpackie;2021;43
Nucifraga caryocatactes;1;50.756763;15.799443;11.11.2021;województwo dolnośląskie;2021;45
Nucifraga caryocatactes;1;49.2399445;20.092467;27.11.2021;województwo małopolskie;2021;47
Nucifraga caryocatactes;1;49.2711079;20.1198136;27.11.2021;województwo małopolskie;2021;47
Nucifraga caryocatactes;7;49.201309;20.071168;11.11.2021;województwo małopolskie;2021;45
Nucifraga caryocatactes;7;49.201345;20.072832;01.11.2021;województwo małopolskie;2021;44
Nucifraga caryocatactes;1;49.3771201;21.9027901;12.11.2021;województwo podkarpackie;2021;45
Nucifraga caryocatactes;1;49.3993026;21.7885989;13.11.2021;województwo podkarpackie;2021;45
Nucifraga caryocatactes;1;49.5550596;19.8805311;26.12.2021;województwo małopolskie;2021;51
Nucifraga caryocatactes;6;49.2711079;20.1198136;08.01.2022;województwo małopolskie;2022;1
Nucifraga caryocatactes;1;49.2354228;20.0885436;28.02.2022;województwo małopolskie;2022;9
Nucifraga caryocatactes;2;49.4484496;20.9118458;20.02.2022;województwo małopolskie;2022;7
Nucifraga caryocatactes;1;49.4564988;20.8978664;27.02.2022;województwo małopolskie;2022;8
Nucifraga caryocatactes;6;49.2018573;20.0708218;28.02.2022;województwo małopolskie;2022;9
Nucifraga caryocatactes;1;49.125759;22.794237;22.02.2022;województwo podkarpackie;2022;8
Nucifraga caryocatactes;1;49.1292495;22.7449127;22.02.2022;województwo podkarpackie;2022;8
Nucifraga caryocatactes;1;49.1292495;22.7449127;12.02.2022;województwo podkarpackie;2022;6
Nucifraga caryocatactes;1;49.1330903;22.7111004;07.02.2022;województwo podkarpackie;2022;6
Nucifraga caryocatactes;1;49.1330903;22.7111004;07.02.2022;województwo podkarpackie;2022;6
Nucifraga caryocatactes;3;49.1292495;22.7449127;10.02.2022;województwo podkarpackie;2022;6
Nucifraga caryocatactes;1;49.1292495;22.7449127;12.02.2022;województwo podkarpackie;2022;6
Nucifraga caryocatactes;3;49.1292495;22.7449127;10.02.2022;województwo podkarpackie;2022;6
Nucifraga caryocatactes;8;49.2173354;22.3350743;11.02.2022;województwo podkarpackie;2022;6
Nucifraga caryocatactes;8;49.2173354;22.3350743;11.02.2022;województwo podkarpackie;2022;6
Nucifraga caryocatactes;1;51.4963249;14.9462165;15.03.2022;województwo lubuskie;2022;11
Nucifraga caryocatactes;1;49.6293872;19.6392287;26.03.2022;województwo małopolskie;2022;12
Nucifraga caryocatactes;2;49.3992987;20.5821672;05.03.2022;województwo małopolskie;2022;9
Nucifraga caryocatactes;1;49.6293872;19.6392287;26.03.2022;województwo małopolskie;2022;12
Nucifraga caryocatactes;12;49.2268312;20.0839241;03.03.2022;województwo małopolskie;2022;9
Nucifraga caryocatactes;1;49.5215783;21.6037611;05.03.2022;województwo podkarpackie;2022;9
Nucifraga caryocatactes;1;49.6067804;18.8596347;23.03.2022;województwo śląskie;2022;12
Nucifraga caryocatactes;1;51.0855437;17.0824546;04.04.2022;województwo dolnośląskie;2022;14
Nucifraga caryocatactes;1;50.8196081;15.9081709;30.04.2022;województwo dolnośląskie;2022;17
Nucifraga caryocatactes;1;49.6293872;19.6392287;02.04.2022;województwo małopolskie;2022;13
Nucifraga caryocatactes;1;49.6293872;19.6392287;02.04.2022;województwo małopolskie;2022;13
Nucifraga caryocatactes;4;49.5851266;19.5213295;17.04.2022;województwo małopolskie;2022;15
Nucifraga caryocatactes;1;49.5422171;21.2085818;23.04.2022;województwo małopolskie;2022;16
Nucifraga caryocatactes;1;49.6155271;19.2647388;15.04.2022;województwo śląskie;2022;15
Nucifraga caryocatactes;1;50.8522487;15.8695333;02.05.2022;województwo dolnośląskie;2022;18
Nucifraga caryocatactes;1;49.2692327;19.981792;18.05.2022;województwo małopolskie;2022;20
Nucifraga caryocatactes;1;50.3367693;19.5331836;28.05.2022;województwo małopolskie;2022;21
Nucifraga caryocatactes;1;49.440567;20.714373;07.05.2022;województwo małopolskie;2022;18
Nucifraga caryocatactes;1;49.2692327;19.981792;19.05.2022;województwo małopolskie;2022;20
Nucifraga caryocatactes;1;49.4484496;20.9118458;01.05.2022;województwo małopolskie;2022;17
Nucifraga caryocatactes;-100;49.476874;21.3263093;07.05.2022;województwo małopolskie;2022;18
Nucifraga caryocatactes;1;49.611462;19.0121333;01.05.2022;województwo śląskie;2022;17
Nucifraga caryocatactes;1;49.6443325;19.2249368;17.05.2022;województwo śląskie;2022;20
Nucifraga caryocatactes;2;50.840906;15.510201;16.06.2022;województwo dolnośląskie;2022;24
Nucifraga caryocatactes;4;50.9560479;16.6175079;02.06.2022;województwo dolnośląskie;2022;22
Nucifraga caryocatactes;1;49.2711079;20.1198136;14.06.2022;województwo małopolskie;2022;24
Nucifraga caryocatactes;2;49.4531609;20.5896437;04.06.2022;województwo małopolskie;2022;22
Nucifraga caryocatactes;1;49.4484496;20.9118458;05.06.2022;województwo małopolskie;2022;22
Nucifraga caryocatactes;2;49.2692327;19.981792;10.06.2022;województwo małopolskie;2022;23
Nucifraga caryocatactes;1;49.2287205;20.0011049;30.06.2022;województwo małopolskie;2022;26
Nucifraga caryocatactes;1;49.2711079;20.1198136;14.06.2022;województwo małopolskie;2022;24
Nucifraga caryocatactes;6;49.2692327;19.981792;27.06.2022;województwo małopolskie;2022;26
Nucifraga caryocatactes;2;52.720867;23.7351066;01.06.2022;województwo podlaskie;2022;22
Nucifraga caryocatactes;1;52.7038248;23.8297105;04.06.2022;województwo podlaskie;2022;22
Nucifraga caryocatactes;2;52.720867;23.7351066;01.06.2022;województwo podlaskie;2022;22
Nucifraga caryocatactes;1;50.8539401;15.3585863;14.07.2022;województwo dolnośląskie;2022;28
Nucifraga caryocatactes;-100;50.8539401;15.3585863;29.07.2022;województwo dolnośląskie;2022;30
Nucifraga caryocatactes;2;50.7585849;15.7699767;29.07.2022;województwo dolnośląskie;2022;30
Nucifraga caryocatactes;1;50.7962887;15.5273465;24.07.2022;województwo dolnośląskie;2022;29
Nucifraga caryocatactes;2;50.7890958;15.5367505;24.07.2022;województwo dolnośląskie;2022;29
Nucifraga caryocatactes;2;50.7360541;15.7395868;28.07.2022;województwo dolnośląskie;2022;30
Nucifraga caryocatactes;1;49.2783747;19.9893343;17.07.2022;województwo małopolskie;2022;28
Nucifraga caryocatactes;-100;49.4605249;21.3999451;27.07.2022;województwo małopolskie;2022;30
Nucifraga caryocatactes;5;49.2711079;20.1198136;16.07.2022;województwo małopolskie;2022;28
Nucifraga caryocatactes;5;49.2711079;20.1198136;16.07.2022;województwo małopolskie;2022;28
Nucifraga caryocatactes;3;49.2692327;19.981792;25.07.2022;województwo małopolskie;2022;30
Nucifraga caryocatactes;1;49.2692327;19.981792;17.07.2022;województwo małopolskie;2022;28
Nucifraga caryocatactes;1;49.2783747;19.9893343;23.07.2022;województwo małopolskie;2022;29
Nucifraga caryocatactes;1;49.2711079;20.1198136;03.07.2022;województwo małopolskie;2022;26
Nucifraga caryocatactes;5;49.2711079;20.1198136;03.07.2022;województwo małopolskie;2022;26
Nucifraga caryocatactes;3;49.4531609;20.5896437;07.07.2022;województwo małopolskie;2022;27
Nucifraga caryocatactes;1;49.183244;22.37993;20.07.2022;województwo podkarpackie;2022;29
Nucifraga caryocatactes;-100;49.4530004;21.4152055;24.07.2022;województwo podkarpackie;2022;29
Nucifraga caryocatactes;2;49.3771201;21.9027901;29.07.2022;województwo podkarpackie;2022;30
Nucifraga caryocatactes;2;49.183244;22.37993;18.07.2022;województwo podkarpackie;2022;29
Nucifraga caryocatactes;4;49.3768942;22.0642835;07.07.2022;województwo podkarpackie;2022;27
Nucifraga caryocatactes;3;49.5337218;19.1686226;17.07.2022;województwo śląskie;2022;28
Nucifraga caryocatactes;-100;50.5007893;16.3211782;19.08.2022;województwo dolnośląskie;2022;33
Nucifraga caryocatactes;1;50.263001;16.99415;17.08.2022;województwo dolnośląskie;2022;33
Nucifraga caryocatactes;1;50.6344055;16.5335497;09.08.2022;województwo dolnośląskie;2022;32
Nucifraga caryocatactes;1;50.8382861;15.5527532;11.08.2022;województwo dolnośląskie;2022;32
Nucifraga caryocatactes;2;50.8057521;15.5205956;12.08.2022;województwo dolnośląskie;2022;32
Nucifraga caryocatactes;3;50.4952481;16.3270998;02.08.2022;województwo dolnośląskie;2022;31
Nucifraga caryocatactes;1;50.3299387;16.5438713;20.08.2022;województwo dolnośląskie;2022;33
Nucifraga caryocatactes;1;50.2076152;16.840539;09.08.2022;województwo dolnośląskie;2022;32
Nucifraga caryocatactes;4;50.6678467;16.4914907;09.08.2022;województwo dolnośląskie;2022;32
Nucifraga caryocatactes;1;50.7770874;15.7240052;29.08.2022;województwo dolnośląskie;2022;35
Nucifraga caryocatactes;1;50.331559;16.5388552;11.08.2022;województwo dolnośląskie;2022;32
Nucifraga caryocatactes;1;50.7528552;15.7407283;12.08.2022;województwo dolnośląskie;2022;32
Nucifraga caryocatactes;1;50.7027639;16.226635;04.08.2022;województwo dolnośląskie;2022;31
Nucifraga caryocatactes;1;50.332605;19.5557292;10.08.2022;województwo małopolskie;2022;32
Nucifraga caryocatactes;1;49.6293872;19.6392287;02.08.2022;województwo małopolskie;2022;31
Nucifraga caryocatactes;3;49.2783747;19.9893343;10.08.2022;województwo małopolskie;2022;32
Nucifraga caryocatactes;1;53.1257273;23.795533;05.08.2022;województwo podlaskie;2022;31
Nucifraga caryocatactes;1;49.439688;21.430918;27.08.2022;województwo podkarpackie;2022;34
Nucifraga caryocatactes;1;49.3771201;21.9027901;30.08.2022;województwo podkarpackie;2022;35
Nucifraga caryocatactes;4;49.2488937;22.2988884;24.08.2022;województwo podkarpackie;2022;34
Nucifraga caryocatactes;1;49.150812;22.643648;23.08.2022;województwo podkarpackie;2022;34
Nucifraga caryocatactes;1;49.3771201;21.9027901;29.08.2022;województwo podkarpackie;2022;35
Nucifraga caryocatactes;1;49.150812;22.643648;22.08.2022;województwo podkarpackie;2022;34
Nucifraga caryocatactes;1;49.4530004;21.4152055;23.08.2022;województwo podkarpackie;2022;34
Nucifraga caryocatactes;1;54.828186;18.099644;31.08.2022;województwo pomorskie;2022;35
Nucifraga caryocatactes;3;49.5948089;19.1373866;15.08.2022;województwo śląskie;2022;33
Nucifraga caryocatactes;1;49.5363777;19.2348289;09.08.2022;województwo śląskie;2022;32
Nucifraga caryocatactes;1;49.5550596;19.8805311;15.09.2022;województwo małopolskie;2022;37
Nucifraga caryocatactes;1;49.5827492;20.2496157;24.09.2022;województwo małopolskie;2022;38
Nucifraga caryocatactes;1;49.2695008;19.9007518;13.09.2022;województwo małopolskie;2022;37
Nucifraga caryocatactes;4;49.2711079;20.1198136;11.09.2022;województwo małopolskie;2022;36
Nucifraga caryocatactes;1;49.6293872;19.6392287;04.09.2022;województwo małopolskie;2022;35
Nucifraga caryocatactes;2;49.5044938;21.4246185;27.09.2022;województwo podkarpackie;2022;39
Nucifraga caryocatactes;1;49.5044938;21.4246185;28.09.2022;województwo podkarpackie;2022;39
Nucifraga caryocatactes;1;49.5044938;21.4246185;30.09.2022;województwo podkarpackie;2022;39
Nucifraga caryocatactes;1;49.2682734;22.0526337;08.09.2022;województwo podkarpackie;2022;36
Nucifraga caryocatactes;2;49.5044938;21.4246185;27.09.2022;województwo podkarpackie;2022;39
Nucifraga caryocatactes;1;49.5044938;21.4246185;28.09.2022;województwo podkarpackie;2022;39
Nucifraga caryocatactes;1;49.2521513;22.2705181;07.09.2022;województwo podkarpackie;2022;36
Nucifraga caryocatactes;1;49.5044938;21.4246185;30.09.2022;województwo podkarpackie;2022;39
Nucifraga caryocatactes;-100;49.2729009;19.9335766;17.10.2022;województwo małopolskie;2022;42
Nucifraga caryocatactes;1;49.2711079;20.1198136;26.10.2022;województwo małopolskie;2022;43
Nucifraga caryocatactes;2;49.216342;20.083457;30.10.2022;województwo małopolskie;2022;43
Nucifraga caryocatactes;1;49.7702629;19.9005619;02.10.2022;województwo małopolskie;2022;39
Nucifraga caryocatactes;1;49.4921867;21.398979;14.10.2022;województwo małopolskie;2022;41
Nucifraga caryocatactes;1;49.2156297;20.0456304;02.10.2022;województwo małopolskie;2022;39
Nucifraga caryocatactes;1;49.4497158;21.3725666;15.10.2022;województwo małopolskie;2022;41
Nucifraga caryocatactes;1;49.5039521;20.129974;16.10.2022;województwo małopolskie;2022;41
Nucifraga caryocatactes;2;49.4690769;20.6114204;13.10.2022;województwo małopolskie;2022;41
Nucifraga caryocatactes;2;49.2711079;20.1198136;31.10.2022;województwo małopolskie;2022;44
Nucifraga caryocatactes;-100;49.0974223;22.8582181;13.10.2022;województwo podkarpackie;2022;41
Nucifraga caryocatactes;1;49.5044938;21.4246185;01.10.2022;województwo podkarpackie;2022;39
Nucifraga caryocatactes;1;49.5044938;21.4246185;01.10.2022;województwo podkarpackie;2022;39
Nucifraga caryocatactes;1;49.5051807;21.5366704;14.10.2022;województwo podkarpackie;2022;41
Nucifraga caryocatactes;1;50.9097404;15.5420739;20.11.2022;województwo dolnośląskie;2022;46
Nucifraga caryocatactes;1;50.7935531;15.5883091;01.11.2022;województwo dolnośląskie;2022;44
Nucifraga caryocatactes;1;50.9097404;15.5420739;27.11.2022;województwo dolnośląskie;2022;47
Nucifraga caryocatactes;1;49.260494;20.087235;04.11.2022;województwo małopolskie;2022;44
Nucifraga caryocatactes;2;49.1465688;22.7894673;06.11.2022;województwo podkarpackie;2022;44
Nucifraga caryocatactes;2;50.9097404;15.5420739;17.12.2022;województwo dolnośląskie;2022;50
Nucifraga caryocatactes;1;50.676307;16.481565;25.01.2023;województwo dolnośląskie;2023;4
Nucifraga caryocatactes;1;50.3367693;19.5331836;07.01.2023;województwo małopolskie;2023;1
Nucifraga caryocatactes;1;49.4531609;20.5896437;06.01.2023;województwo małopolskie;2023;1
Nucifraga caryocatactes;1;49.4531609;20.5896437;06.01.2023;województwo małopolskie;2023;1
Nucifraga caryocatactes;1;49.4921867;21.398979;15.01.2023;województwo małopolskie;2023;2
Nucifraga caryocatactes;1;49.4921867;21.398979;15.01.2023;województwo małopolskie;2023;2
